SepalLengthCm,SepalWidthCm,PetalLengthCm,PetalWidthCm,Species,company_name,person_name,email,website,country,issues,has_issues,suggested_email,suggested_country,email_confidence,country_confidence,corrections_applied,is_duplicate,duplicate_group,role_function,role_confidence
5.2490142459033695,3.4585207096486448,1.5943065614302077,0.6569089569224076,Iris-setosa,,,,,,missing_company_name;missing_person_name;missing_email;missing_country,True,,,0.0,0.0,,False,,Other,0.0
4.829753987583,2.9297589129152457,1.8737638446522171,0.4302304187458726,Iris-setosa,,,,,,missing_company_name;missing_person_name;missing_email;missing_country,True,,,0.0,0.0,,True,,Other,0.0
4.559157684219515,3.3627680130757898,1.1609746921562614,0.0602810739289229,Iris-setosa,,,,,,missing_company_name;missing_person_name;missing_email;missing_country,True,,,0.0,0.0,,True,,Other,0.0
4.67258868146981,2.5260159266026605,0.98252465024609,0.0313137412277082,Iris-setosa,,,,,,missing_company_name;missing_person_name;missing_email;missing_country,True,,,0.0,0.0,,True,,Other,0.0
4.696150663899673,3.694274199778582,1.1275927773436367,-0.2236911104005874,Iris-setosa,,,,,,missing_company_name;missing_person_name;missing_email;missing_country,True,,,0.0,0.0,,True,,Other,0.0
5.839694630676466,3.832267109854039,1.7202584614063772,-0.027424455864037,Iris-setosa,,,,,,missing_company_name;missing_person_name;missing_email;missing_country,True,,,0.0,0.0,,True,,Other,0.0
4.436685182642445,3.43327677691296,1.054701926773309,0.4127094055037015,Iris-setosa,,,,,,missing_company_name;missing_person_name;missing_email;missing_country,True,,,0.0,0.0,,True,,Other,0.0
4.819808393024359,3.3124918750620167,1.3194880163311808,0.7556834553526812,Iris-setosa,,,,,,missing_company_name;missing_person_name;missing_email;missing_country,True,,,0.0,0.0,,True,,Other,0.0
4.39595083257862,2.58268672131323,1.6467634736309569,-0.1662530949913066,Iris-setosa,,,,,,missing_company_name;missing_person_name;missing_email;missing_country,True,,,0.0,0.0,,True,,Other,0.0
4.962659078501427,2.512098962836068,1.1015441853304708,0.159058370760737,Iris-virginica,,,,,,missing_company_name;missing_person_name;missing_email;missing_country,True,,,0.0,0.0,,True,,Other,0.0
5.621539973998623,3.7514104843569913,1.465305515283528,0.1096688913232133,Iris-setosa,,,,,,missing_company_name;missing_person_name;missing_email;missing_country,True,,,0.0,0.0,,True,,Other,0.0
4.356443402889772,3.1840467374815877,1.4618083687120638,0.5171366678656747,Iris-setosa,,,,,,missing_company_name;missing_person_name;missing_email;missing_country,True,,,0.0,0.0,,True,,Other,0.0
4.9030854868705385,2.47108795339118,1.4972251908184384,-0.0155246841248949,Iris-setosa,,,,,,missing_company_name;missing_person_name;missing_email;missing_country,True,,,0.0,0.0,,True,,Other,0.0
4.096923399908213,3.1835028866522603,1.409299856748785,0.3793840357348595,Iris-setosa,,,,,,missing_company_name;missing_person_name;missing_email;missing_country,True,,,0.0,0.0,,True,,Other,0.0
5.548234743033208,3.907236287244636,1.2993790294210692,0.4926635381367077,Iris-setosa,,,,,,missing_company_name;missing_person_name;missing_email;missing_country,True,,,0.0,0.0,,True,,Other,0.0
5.556247728646413,4.344302307000855,1.1680995077981915,0.0411380127757988,Iris-setosa,,,,,,missing_company_name;missing_person_name;missing_email;missing_country,True,,,0.0,0.0,,True,,Other,0.0
5.64375774671826,4.306872008571247,1.2783969635258998,0.7010598693676073,Iris-setosa,,,,,,missing_company_name;missing_person_name;missing_email;missing_country,True,,,0.0,0.0,,True,,Other,0.0
5.2084908075142895,3.3064640736184625,1.508418681652524,0.7614109699397907,Iris-setosa,,,,,,missing_company_name;missing_person_name;missing_email;missing_country,True,,,0.0,0.0,,True,,Other,0.0
5.689252188267015,4.269393096744202,0.9140764687730768,0.5465707513125672,Iris-setosa,,,,,,missing_company_name;missing_person_name;missing_email;missing_country,True,,,0.0,0.0,,True,,Other,0.0
5.126114120471451,3.71029779486024,1.5275282329606508,-0.2962706743802678,Iris-setosa,,,,,,missing_company_name;missing_person_name;missing_email;missing_country,True,,,0.0,0.0,,True,,Other,0.0
5.334098433648747,3.507133771453524,2.1433682134224545,0.0445189345179058,Iris-setosa,,,,,,missing_company_name;missing_person_name;missing_email;missing_country,True,,,0.0,0.0,,True,,Other,0.0
4.857451919132044,3.5494728869246392,1.7746206353106222,0.4986253328979053,Iris-setosa,,,,,,missing_company_name;missing_person_name;missing_email;missing_country,True,,,0.0,0.0,,True,,Other,0.0
4.441071938869888,3.753980229934007,1.0291232648044122,0.4905934971598668,Iris-setosa,,,,,,missing_company_name;missing_person_name;missing_email;missing_country,True,,,0.0,0.0,,True,,Other,0.0
4.889384071836794,3.2017013560206693,1.5823675540603528,0.0609455155603644,Iris-setosa,,,,,,missing_company_name;missing_person_name;missing_email;missing_country,True,,,0.0,0.0,,True,,Other,0.0
4.888836083119372,3.4783165816539667,1.9015340369927385,0.1296238599874559,Iris-setosa,,,,,,missing_company_name;missing_person_name;missing_email;missing_country,True,,,0.0,0.0,,True,,Other,0.0
4.575388777384876,2.8738064031703923,1.4971856450419692,-0.0406831807664856,Iris-setosa,,,,,,missing_company_name;missing_person_name;missing_email;missing_country,True,,,0.0,0.0,,True,,Other,0.0
4.951614286500197,3.5212152570443616,2.165855770363159,0.4523733438495517,Iris-setosa,,,,,,missing_company_name;missing_person_name;missing_email;missing_country,True,,,0.0,0.0,,True,,Other,0.0
5.27726511721683,3.47766622527015,0.9243686354102876,0.1920458373652349,Iris-setosa,,,,,,missing_company_name;missing_person_name;missing_email;missing_country,True,,,0.0,0.0,,True,,Other,0.0
5.218069062982308,4.138972633745586,1.342291710565663,0.2904642027000838,Iris-setosa,,,,,,missing_company_name;missing_person_name;missing_email;missing_country,True,,,0.0,0.0,,True,,Other,0.0
4.689586469088427,2.8493965887141406,1.9428468443545064,0.4255799098060322,Iris-setosa,,,,,,missing_company_name;missing_person_name;missing_email;missing_country,True,,,0.0,0.0,,True,,Other,0.0
5.037309584112914,2.827183763561578,2.0208382932808298,-0.2205553188376842,Iris-setosa,,,,,,missing_company_name;missing_person_name;missing_email;missing_country,True,,,0.0,0.0,,True,,Other,0.0
5.576057128140081,4.057136687742993,1.2028391024607936,0.2301106811191684,Iris-setosa,,,,,,missing_company_name;missing_person_name;missing_email;missing_country,True,,,0.0,0.0,,True,,Other,0.0
5.229895409526293,3.94895730376514,1.0348009706801602,0.1205688924418082,Iris-setosa,,,,,,missing_company_name;missing_person_name;missing_email;missing_country,True,,,0.0,0.0,,True,,Other,0.0
5.181308885882169,4.342077729190555,1.124172729729859,0.6649803215052619,Iris-setosa,,,,,,missing_company_name;missing_person_name;missing_email;missing_country,True,,,0.0,0.0,,True,,Other,0.0
4.6650240122991296,3.003381545138297,1.7440551652109009,-0.2692592949301865,Iris-setosa,,,,,,missing_company_name;missing_person_name;missing_email;missing_country,True,,,0.0,0.0,,True,,Other,0.0
5.068237980381239,3.5921428262847286,0.7177550296316317,0.2553901575596913,Iris-setosa,,,,,,missing_company_name;missing_person_name;missing_email;missing_country,True,,,0.0,0.0,,True,,Other,0.0
5.577964838274527,3.734546861533193,0.9289147867365756,-0.1961369839252829,Iris-setosa,,,,,,missing_company_name;missing_person_name;missing_email;missing_country,True,,,0.0,0.0,,True,,Other,0.0
5.05658246968507,3.189095401969956,1.575147855103763,0.2039344628490927,Iris-setosa,,,,,,missing_company_name;missing_person_name;missing_email;missing_country,True,,,0.0,0.0,,True,,Other,0.0
4.195992583526453,3.069676109148301,1.3879217419896044,-0.0143054254079103,Iris-setosa,,,,,,missing_company_name;missing_person_name;missing_email;missing_country,True,,,0.0,0.0,,True,,Other,0.0
5.6597323533434265,3.542149876273536,1.1426089508392054,0.3969660825901489,Iris-setosa,,,,,,missing_company_name;missing_person_name;missing_email;missing_country,True,,,0.0,0.0,,True,,Other,0.0
4.707595498931804,3.736125381122736,1.647578673702221,0.0537953044944868,Iris-setosa,,,,,,missing_company_name;missing_person_name;missing_email;missing_country,True,,,0.0,0.0,,True,,Other,0.0
4.789012838773297,2.423834278080949,1.5466180479983471,0.8690378947961841,Iris-setosa,,,,,,missing_company_name;missing_person_name;missing_email;missing_country,True,,,0.0,0.0,,True,,Other,0.0
4.326383565199139,2.973879150692753,1.033145671112343,-0.0447430854896314,Iris-setosa,,,,,,missing_company_name;missing_person_name;missing_email;missing_country,True,,,0.0,0.0,,True,,Other,0.0
4.976869487175769,3.602345592444993,1.683007239799006,0.8481549747108071,Iris-virginica,,,,,,missing_company_name;missing_person_name;missing_email;missing_country,True,,,0.0,0.0,,True,,Other,0.0
5.103900567563372,4.236060223147195,1.8206029500286127,1.2160507499768856,Iris-setosa,,,,,,missing_company_name;missing_person_name;missing_email;missing_country,True,,,0.0,0.0,,True,,Other,0.0
4.987700204329502,2.742852733075116,1.078732250581666,0.4447417245729556,Iris-setosa,,,,,,missing_company_name;missing_person_name;missing_email;missing_country,True,,,0.0,0.0,,True,,Other,0.0
5.032961164402244,4.014200148227627,1.7419712873720634,0.1781513262029381,Iris-setosa,,,,,,missing_company_name;missing_person_name;missing_email;missing_country,True,,,0.0,0.0,,True,,Other,0.0
4.345961884579478,2.745545832594241,1.2660455143798937,0.4569196382970417,Iris-setosa,,,,,,missing_company_name;missing_person_name;missing_email;missing_country,True,,,0.0,0.0,,True,,Other,0.0
5.364228123239061,3.326278366386404,1.5519542777553543,0.315595213918651,Iris-setosa,,,,,,missing_company_name;missing_person_name;missing_email;missing_country,True,,,0.0,0.0,,True,,Other,0.0
4.73484276913966,3.346117531783658,1.4174626155338,-0.1428910893491869,Iris-setosa,,,,,,missing_company_name;missing_person_name;missing_email;missing_country,True,,,0.0,0.0,,True,,Other,0.0
7.107336208104485,3.3682353579104705,5.024915372952584,1.7161406156104708,Iris-versicolor,,,,,,missing_company_name;missing_person_name;missing_email;missing_country,True,,,0.0,0.0,,True,,Other,0.0
5.986699189612873,2.9186524880254634,4.654510580162598,1.654135785273663,Iris-versicolor,,,,,,missing_company_name;missing_person_name;missing_email;missing_country,True,,,0.0,0.0,,True,,Other,0.0
7.054514305891814,4.255819447196417,5.07126715320795,1.84066969205418,Iris-versicolor,,,,,,missing_company_name;missing_person_name;missing_email;missing_country,True,,,0.0,0.0,,True,,Other,0.0
5.786200529047961,2.4954173753917392,3.905419226607896,1.5276907661479804,Iris-versicolor,,,,,,missing_company_name;missing_person_name;missing_email;missing_country,True,,,0.0,0.0,,True,,Other,0.0
6.268152435638728,2.728954417977997,4.4543909356512685,1.5245622418158968,Iris-versicolor,,,,,,missing_company_name;missing_person_name;missing_email;missing_country,True,,,0.0,0.0,,True,,Other,0.0
6.394397570002052,2.2398204422224754,4.705878057112354,0.8161852386431045,Iris-versicolor,,,,,,missing_company_name;missing_person_name;missing_email;missing_country,True,,,0.0,0.0,,True,,Other,0.0
6.1584204402631695,3.6266851790902095,4.719284005728639,1.2766765666212083,Iris-versicolor,,,,,,missing_company_name;missing_person_name;missing_email;missing_country,True,,,0.0,0.0,,True,,Other,0.0
4.68540888722201,2.6038793246804026,3.080890010484859,1.0649375768745926,Iris-versicolor,,,,,,missing_company_name;missing_person_name;missing_email;missing_country,True,,,0.0,0.0,,True,,Other,0.0
6.613671551971144,2.7045198957182546,5.243183226797598,1.4901757066954031,Iris-versicolor,,,,,,missing_company_name;missing_person_name;missing_email;missing_country,True,,,0.0,0.0,,True,,Other,0.0
4.592457224002718,2.7559362944308283,3.7014640605694833,1.655730000438867,Iris-versicolor,,,,,,missing_company_name;missing_person_name;missing_email;missing_country,True,,,0.0,0.0,,True,,Other,0.0
4.762243778470189,1.9655790675599305,3.651496183694137,1.2597265582510364,Iris-versicolor,,,,,,missing_company_name;missing_person_name;missing_email;missing_country,True,,,0.0,0.0,,True,,Other,0.0
5.539911077883268,2.8996496292477154,4.057516406651714,1.3040012302278865,Iris-versicolor,,,,,,missing_company_name;missing_person_name;missing_email;missing_country,True,,,0.0,0.0,,True,,Other,0.0
6.529636272084329,2.321494513288287,3.6217348136994874,1.2753585841164328,Iris-versicolor,,,,,,missing_company_name;missing_person_name;missing_email;missing_country,True,,,0.0,0.0,,True,,Other,0.0
6.736646859103789,3.209739578165344,4.2441890102137965,1.2547297781401243,Iris-versicolor,,,,,,missing_company_name;missing_person_name;missing_email;missing_country,True,,,0.0,0.0,,True,,Other,0.0
5.980073344755986,2.6876991603143656,3.733145828443869,1.532390216028801,Iris-setosa,,,,,,missing_company_name;missing_person_name;missing_email;missing_country,True,,,0.0,0.0,,True,,Other,0.0
6.421920858526575,3.08214239318146,3.427619797979278,1.092683707599713,Iris-versicolor,,,,,,missing_company_name;missing_person_name;missing_email;missing_country,True,,,0.0,0.0,,True,,Other,0.0
5.5242295545820514,2.625665045410545,4.98972339117949,1.0709575866118102,Iris-versicolor,,,,,,missing_company_name;missing_person_name;missing_email;missing_country,True,,,0.0,0.0,,True,,Other,0.0
5.667986653990905,2.739222173185828,4.532381986719834,0.5692413546461682,Iris-versicolor,,,,,,missing_company_name;missing_person_name;missing_email;missing_country,True,,,0.0,0.0,,True,,Other,0.0
6.548949125646488,2.2030699183058764,4.205547404685615,1.6386310422789812,Iris-versicolor,,,,,,missing_company_name;missing_person_name;missing_email;missing_country,True,,,0.0,0.0,,True,,Other,0.0
5.65971790867204,2.3199349368523614,3.9209406254970056,0.984405920941472,Iris-versicolor,,,,,,missing_company_name;missing_person_name;missing_email;missing_country,True,,,0.0,0.0,,True,,Other,0.0
5.934055203575375,3.398639202356314,5.275805044843605,1.4286553503519452,Iris-versicolor,,,,,,missing_company_name;missing_person_name;missing_email;missing_country,True,,,0.0,0.0,,True,,Other,0.0
6.73991001239688,2.214373660143249,3.954464471489325,1.476495161945373,Iris-versicolor,,,,,,missing_company_name;missing_person_name;missing_email;missing_country,True,,,0.0,0.0,,True,,Other,0.0
6.384297560320509,2.313190144053822,4.837563324892818,1.35209971960235,Iris-versicolor,,,,,,missing_company_name;missing_person_name;missing_email;missing_country,True,,,0.0,0.0,,True,,Other,0.0
5.923190572916736,3.0548806291063078,4.807104645789514,0.9921271214218036,Iris-versicolor,,,,,,missing_company_name;missing_person_name;missing_email;missing_country,True,,,0.0,0.0,,True,,Other,0.0
6.669879962629976,2.9921898562629825,4.543858635651688,1.4888886525770837,Iris-versicolor,,,,,,missing_company_name;missing_person_name;missing_email;missing_country,True,,,0.0,0.0,,True,,Other,0.0
6.351301496723378,2.8319456879409093,4.624188081536979,1.5831110796300394,Iris-versicolor,,,,,,missing_company_name;missing_person_name;missing_email;missing_country,True,,,0.0,0.0,,True,,Other,0.0
6.793729521810755,2.8351982149926345,5.183299468736528,1.222528583349251,Iris-versicolor,,,,,,missing_company_name;missing_person_name;missing_email;missing_country,True,,,0.0,0.0,,True,,Other,0.0
6.864129214351012,2.939342204269832,4.934695639031834,2.029633055596157,Iris-versicolor,,,,,,missing_company_name;missing_person_name;missing_email;missing_country,True,,,0.0,0.0,,True,,Other,0.0
6.2476249046964085,3.1440528908001912,4.891643642146299,1.5063011524898278,Iris-versicolor,,,,,,missing_company_name;missing_person_name;missing_email;missing_country,True,,,0.0,0.0,,True,,Other,0.0
5.904585891388489,2.506919973021964,3.5972499057465326,0.9609570836896946,Iris-versicolor,,,,,,missing_company_name;missing_person_name;missing_email;missing_country,True,,,0.0,0.0,,True,,Other,0.0
5.529098789497816,2.578547107631074,3.554533795029958,1.7277161827056382,Iris-versicolor,,,,,,missing_company_name;missing_person_name;missing_email;missing_country,True,,,0.0,0.0,,True,,Other,0.0
5.19819478555009,2.0357434161636805,4.047433262050021,1.2374988081888807,Iris-versicolor,,,,,,missing_company_name;missing_person_name;missing_email;missing_country,True,,,0.0,0.0,,True,,Other,0.0
5.987235945115646,2.888503652779284,3.8963259681459257,0.9308236885542504,Iris-versicolor,,,,,,missing_company_name;missing_person_name;missing_email;missing_country,True,,,0.0,0.0,,True,,Other,0.0
6.022741367458118,2.4968514865463667,5.392535920025325,1.5558827855493584,Iris-versicolor,,,,,,missing_company_name;missing_person_name;missing_email;missing_country,True,,,0.0,0.0,,True,,Other,0.0
5.152350840962247,2.903584247504102,4.623879436282687,1.3308826341588076,Iris-versicolor,,,,,,missing_company_name;missing_person_name;missing_email;missing_country,True,,,0.0,0.0,,True,,Other,0.0
5.753333881330071,3.4731061634475737,4.5734899713326165,1.4479170473886611,Iris-versicolor,,,,,,missing_company_name;missing_person_name;missing_email;missing_country,True,,,0.0,0.0,,True,,Other,0.0
6.558688508314504,3.169614981207291,4.265574697550803,1.0777608676870334,Iris-versicolor,,,,,,missing_company_name;missing_person_name;missing_email;missing_country,True,,,0.0,0.0,,True,,Other,0.0
6.084466733624269,2.235965854486446,4.493272269679402,1.7426068650848656,Iris-versicolor,,,,,,missing_company_name;missing_person_name;missing_email;missing_country,True,,,0.0,0.0,,True,,Other,0.0
5.857297886960605,2.952018441010972,4.094295137629193,0.9992411906086572,Iris-versicolor,,,,,,missing_company_name;missing_person_name;missing_email;missing_country,True,,,0.0,0.0,,True,,Other,0.0
5.494446059202283,2.4134024083239587,4.096815568101427,1.051830716934303,Iris-versicolor,,,,,,missing_company_name;missing_person_name;missing_email;missing_country,True,,,0.0,0.0,,True,,Other,0.0
5.655803954272352,3.0598216739007733,4.367371955462943,1.3205135166296824,Iris-versicolor,,,,,,missing_company_name;missing_person_name;missing_email;missing_country,True,,,0.0,0.0,,True,,Other,0.0
6.307043197513333,2.879633858434249,4.6672277445431245,1.4037777202345385,Iris-versicolor,,,,,,missing_company_name;missing_person_name;missing_email;missing_country,True,,,0.0,0.0,,True,,Other,0.0
5.829302829564649,2.36809706484336,4.007353052277683,1.3493994873736348,Iris-versicolor,,,,,,missing_company_name;missing_person_name;missing_email;missing_country,True,,,0.0,0.0,,True,,Other,0.0
5.4353430823385125,2.587781247825562,3.9459547372534662,0.7697957311335851,Iris-versicolor,,,,,,missing_company_name;missing_person_name;missing_email;missing_country,True,,,0.0,0.0,,True,,Other,0.0
5.861696191016203,2.7550026017215057,4.856940879965302,1.057510514393455,Iris-versicolor,,,,,,missing_company_name;missing_person_name;missing_email;missing_country,True,,,0.0,0.0,,True,,Other,0.0
5.448083447345767,2.8201822063667934,3.5628312827070583,1.0422734934957716,Iris-versicolor,,,,,,missing_company_name;missing_person_name;missing_email;missing_country,True,,,0.0,0.0,,True,,Other,0.0
5.47226020153389,2.945118135942862,4.302526792733148,1.862851251764766,Iris-versicolor,,,,,,missing_company_name;missing_person_name;missing_email;missing_country,True,,,0.0,0.0,,True,,Other,0.0
6.485127151455815,2.726928903301279,4.030475598595492,1.4475757514519518,Iris-versicolor,,,,,,missing_company_name;missing_person_name;missing_email;missing_country,True,,,0.0,0.0,,True,,Other,0.0
4.703930037893807,3.049437629756306,3.353832036216386,0.9592473043685886,Iris-versicolor,,,,,,missing_company_name;missing_person_name;missing_email;missing_country,True,,,0.0,0.0,,True,,Other,0.0
5.186059641272737,3.2061617122496235,4.065638046424215,1.6713448935920383,Iris-versicolor,,,,,,missing_company_name;missing_person_name;missing_email;missing_country,True,,,0.0,0.0,,True,,Other,0.0
5.82167170236169,3.120187493113868,6.001573109915455,2.514094178129423,Iris-virginica,,,,,,missing_company_name;missing_person_name;missing_email;missing_country,True,,,0.0,0.0,,True,,Other,0.0
5.664980358556226,2.8868549797042498,4.779713871185221,1.857286154493612,Iris-virginica,,,,,,missing_company_name;missing_person_name;missing_email;missing_country,True,,,0.0,0.0,,True,,Other,0.0
7.136088689513569,3.1543316502176246,6.113484463426667,1.7626073724486393,Iris-virginica,,,,,,missing_company_name;missing_person_name;missing_email;missing_country,True,,,0.0,0.0,,True,,Other,0.0
5.839765748779313,3.2833030465695527,5.699694203593877,1.575454039033034,Iris-virginica,,,,,,missing_company_name;missing_person_name;missing_email;missing_country,True,,,0.0,0.0,,True,,Other,0.0
6.965345592656757,3.0347023902878574,6.153789155219148,2.2202555444230327,Iris-virginica,,,,,,missing_company_name;missing_person_name;missing_email;missing_country,True,,,0.0,0.0,,True,,Other,0.0
8.218224377464596,3.526602252732961,6.525310755456277,2.3914712852863067,Iris-virginica,,,,,,missing_company_name;missing_person_name;missing_email;missing_country,True,,,0.0,0.0,,True,,Other,0.0
5.093612784875544,2.910589467259705,4.210522961825968,1.905815437999532,Iris-virginica,,,,,,missing_company_name;missing_person_name;missing_email;missing_country,True,,,0.0,0.0,,True,,Other,0.0
7.617527346054876,2.3723781540730657,5.945022446200268,1.18823034667197,Iris-virginica,,,,,,missing_company_name;missing_person_name;missing_email;missing_country,True,,,0.0,0.0,,True,,Other,0.0
6.619177949666633,2.7152626767387886,6.250707115628808,1.8222284341259325,Iris-virginica,,,,,,missing_company_name;missing_person_name;missing_email;missing_country,True,,,0.0,0.0,,True,,Other,0.0
7.688584663671388,3.185969562535533,5.588985268193453,2.4833356903310144,Iris-setosa,,,,,,missing_company_name;missing_person_name;missing_email;missing_country,True,,,0.0,0.0,,True,,Other,0.0
6.615219634681792,3.1901915755717725,4.4797673699880365,1.973263988146164,Iris-virginica,,,,,,missing_company_name;missing_person_name;missing_email;missing_country,True,,,0.0,0.0,,True,,Other,0.0
6.008659149848544,2.900901764649012,5.409979473829054,1.6180360641017932,Iris-virginica,,,,,,missing_company_name;missing_person_name;missing_email;missing_country,True,,,0.0,0.0,,True,,Other,0.0
6.645839924798992,2.6822359434333145,5.481196270818049,2.3865426961503715,Iris-virginica,,,,,,missing_company_name;missing_person_name;missing_email;missing_country,True,,,0.0,0.0,,True,,Other,0.0
5.404282186099337,2.6512139546553533,4.840922714488268,1.7621381503212967,Iris-virginica,,,,,,missing_company_name;missing_person_name;missing_email;missing_country,True,,,0.0,0.0,,True,,Other,0.0
5.767890892013632,2.489427303274188,4.933905208395845,2.0406366322233453,Iris-virginica,,,,,,missing_company_name;missing_person_name;missing_email;missing_country,True,,,0.0,0.0,,True,,Other,0.0
6.989417539874917,3.210579065591519,5.090082347602224,2.3641939732202664,Iris-virginica,,,,,,missing_company_name;missing_person_name;missing_email;missing_country,True,,,0.0,0.0,,True,,Other,0.0
6.466301585092751,2.933709120140033,5.684250010013027,2.027252313014192,Iris-virginica,,,,,,missing_company_name;missing_person_name;missing_email;missing_country,True,,,0.0,0.0,,True,,Other,0.0
7.540849655716842,3.627254527806596,6.617484490854507,1.5094236505793246,Iris-virginica,,,,,,missing_company_name;missing_person_name;missing_email;missing_country,True,,,0.0,0.0,,True,,Other,0.0
7.245442681340434,3.010062280233357,7.393490314050386,2.2252891881330865,Iris-virginica,,,,,,missing_company_name;missing_person_name;missing_email;missing_country,True,,,0.0,0.0,,True,,Other,0.0
6.17296708891673,2.293375046363061,5.923664242536571,1.835872473430373,Iris-setosa,,,,,,missing_company_name;missing_person_name;missing_email;missing_country,True,,,0.0,0.0,,True,,Other,0.0
6.861624722555771,2.9133378678198723,5.2180661039227285,2.361039090760167,Iris-virginica,,,,,,missing_company_name;missing_person_name;missing_email;missing_country,True,,,0.0,0.0,,True,,Other,0.0
5.373094776414709,2.3733238871206974,4.706028134727243,1.6755355989156815,Iris-virginica,,,,,,missing_company_name;missing_person_name;missing_email;missing_country,True,,,0.0,0.0,,True,,Other,0.0
8.206142490521769,3.064491927084835,6.697608207605015,2.4439832416670075,Iris-virginica,,,,,,missing_company_name;missing_person_name;missing_email;missing_country,True,,,0.0,0.0,,True,,Other,0.0
6.323210492294285,2.441614739601521,5.356937223180897,1.9616730131053977,Iris-virginica,,,,,,missing_company_name;missing_person_name;missing_email;missing_country,True,,,0.0,0.0,,True,,Other,0.0
6.388826153702063,3.242898396574917,5.437314523984573,1.6851600807106992,Iris-virginica,,,,,,missing_company_name;missing_person_name;missing_email;missing_country,True,,,0.0,0.0,,True,,Other,0.0
7.477853264259492,3.77282499214104,5.580429727854257,1.9688907710071712,Iris-virginica,,,,,,missing_company_name;missing_person_name;missing_email;missing_country,True,,,0.0,0.0,,True,,Other,0.0
6.004807229263452,2.653862384870591,4.622281822728339,1.5408027690960553,Iris-versicolor,,,,,,missing_company_name;missing_person_name;missing_email;missing_country,True,,,0.0,0.0,,True,,Other,0.0
6.114556488383448,2.7507149650766887,4.981137047733952,1.784928567165259,Iris-virginica,,,,,,missing_company_name;missing_person_name;missing_email;missing_country,True,,,0.0,0.0,,True,,Other,0.0
6.328315585940078,2.5277309013875207,5.4269686008295,2.326617367747727,Iris-virginica,,,,,,missing_company_name;missing_person_name;missing_email;missing_country,True,,,0.0,0.0,,True,,Other,0.0
7.350275156287314,2.706733426560435,5.829799691628768,1.8254161370115367,Iris-virginica,,,,,,missing_company_name;missing_person_name;missing_email;missing_country,True,,,0.0,0.0,,True,,Other,0.0
6.899178415663589,2.96300805771398,5.901212872316246,2.071179600577948,Iris-virginica,,,,,,missing_company_name;missing_person_name;missing_email;missing_country,True,,,0.0,0.0,,True,,Other,0.0
7.671022253037245,3.258535369800644,5.911737268635052,2.014425483998415,Iris-virginica,,,,,,missing_company_name;missing_person_name;missing_email;missing_country,True,,,0.0,0.0,,True,,Other,0.0
6.477916750516445,2.528705012468677,5.791577737633212,1.7015439813193125,Iris-virginica,,,,,,missing_company_name;missing_person_name;missing_email;missing_country,True,,,0.0,0.0,,True,,Other,0.0
6.280176060405805,2.436695140071263,4.904449167659352,1.5142196013949245,Iris-virginica,,,,,,missing_company_name;missing_person_name;missing_email;missing_country,True,,,0.0,0.0,,True,,Other,0.0
5.841875990414814,2.4846333367310525,5.901887842764332,1.2269324391430554,Iris-virginica,,,,,,missing_company_name;missing_person_name;missing_email;missing_country,True,,,0.0,0.0,,True,,Other,0.0
7.950707633619543,2.6610879436027144,6.2589412533745845,2.73247058619737,Iris-virginica,,,,,,missing_company_name;missing_person_name;missing_email;missing_country,True,,,0.0,0.0,,True,,Other,0.0
5.558506649961813,3.160931423358857,5.773121638154161,2.339086384187102,Iris-virginica,,,,,,missing_company_name;missing_person_name;missing_email;missing_country,True,,,0.0,0.0,,True,,Other,0.0
6.511343762011393,2.918804443985254,5.52597693624187,1.7532968293823763,Iris-virginica,,,,,,missing_company_name;missing_person_name;missing_email;missing_country,True,,,0.0,0.0,,True,,Other,0.0
6.350334618497942,3.076326252990364,4.901280798622561,1.67643691016326,Iris-virginica,,,,,,missing_company_name;missing_person_name;missing_email;missing_country,True,,,0.0,0.0,,True,,Other,0.0
6.7537181327782525,2.970232543654114,5.518335642713489,1.9737046557539213,Iris-virginica,,,,,,missing_company_name;missing_person_name;missing_email;missing_country,True,,,0.0,0.0,,True,,Other,0.0
6.786932457068924,3.722620239593632,5.861337411029507,2.302192940349648,Iris-virginica,,,,,,missing_company_name;missing_person_name;missing_email;missing_country,True,,,0.0,0.0,,True,,Other,0.0
7.260364176649184,2.977577388093535,4.488562639446643,1.9975741067247783,Iris-virginica,,,,,,missing_company_name;missing_person_name;missing_email;missing_country,True,,,0.0,0.0,,True,,Other,0.0
5.238762423692243,2.594545954787608,5.105525513756866,2.402931193682585,Iris-virginica,,,,,,missing_company_name;missing_person_name;missing_email;missing_country,True,,,0.0,0.0,,True,,Other,0.0
6.898078212129248,3.134269841357341,6.148821674355047,1.6366594072976342,Iris-virginica,,,,,,missing_company_name;missing_person_name;missing_email;missing_country,True,,,0.0,0.0,,True,,Other,0.0
6.77068436743257,3.5312595581660897,5.256424126266047,2.843126212962079,Iris-setosa,,,,,,missing_company_name;missing_person_name;missing_email;missing_country,True,,,0.0,0.0,,True,,Other,0.0
6.801548922248324,2.87541362582976,5.389834559831885,2.9812078573413183,Iris-virginica,,,,,,missing_company_name;missing_person_name;missing_email;missing_country,True,,,0.0,0.0,,True,,Other,0.0
6.354559876517548,2.574466175890101,4.862191730137927,1.6450466891605624,Iris-virginica,,,,,,missing_company_name;missing_person_name;missing_email;missing_country,True,,,0.0,0.0,,True,,Other,0.0
6.749100744963274,2.74317485222734,5.221469871165818,1.856702765970465,Iris-virginica,,,,,,missing_company_name;missing_person_name;missing_email;missing_country,True,,,0.0,0.0,,True,,Other,0.0
6.343693947723918,3.5000986315860843,5.71126198327737,2.146995080343576,Iris-virginica,,,,,,missing_company_name;missing_person_name;missing_email;missing_country,True,,,0.0,0.0,,True,,Other,0.0
5.819037519411989,2.706370885265308,4.966712021977166,1.913190147913456,Iris-virginica,,,,,,missing_company_name;missing_person_name;missing_email;missing_country,True,,,0.0,0.0,,True,,Other,0.0
